teapot,,
backpack,pack,
balloon,,
bandana,headband,
basket,picinic basket,
tub,carriage,stroller
battery,,
bed,,
belt,,
bench,,
bench,,
bike,bicycle,
binder,,
binoculars,,
boat,yacht,
book,textbook,
bowl,,
box,cardboard box,
necklace,,
briefcase,,
broach,pin,
broom,,
bucket,,
button,,
calculator,,
camera,,
brush,,
candle,,
candlestick,candlestick holder,
cane,walking stick,
cell phone,phone,flip phone
chain,,
office chair,rolling chair,
chess board,chess,
clock,,
table,coffee table,
comb,,
compass,,
mouse,computer mouse,
cookie cutter,gingerbread man,
cooler,ice chest,
couch,sofa,
crayon,,
crib,,
cutting board,,
desk,,
dice,die,
door,door way,
dress,,
dresser,,
boot,,
deoderant,,
floss,,
make up,,
coffee pot,drip coffee,
clothes pin,,
computer drive,,
cd,,
keys,car keys,
ethernet cable,cable,
glass,wine glass,
watering pot,,
water bottle,,
watch,,
wardrobe,,
wallet,,
vest,,
vase,,
umbrella,,
TV,television,
truck,semi,semi truck
blanket,,
toothbrush,,
wheel,,
ticket,,
thimble,,
tent,,
sweater,,
glasses,,
sundial,,
stroller,,
lamp,street light,
straw,,
oven,,
foot stool,stool,
steering wheel,,
stapler,,
spoon,soup spoon,
sponge,,
speakers,,
plunger,,
sock,,
sled,,
skirt,,
shoe,,
truck,,
scissors,,
scarf,,
saw,hand saw,
satellite,,
sand castle,,
saddle,,
rug,,
rolling pin,,
rock,mineral,
bathrobe,,
ring,wedding ring,wedding band
ribbon,,
remote control,,
lazy chair,recliner,
binky,,
rake,,
radio,,
quilt,,
pot,,
puzzle piece,puzzle,
plane,airplane,
pillow,,
pill,drugs,
piggy bank,,
mug,,
lure,fishing lure,
helmet,,
magnifying glass,,
cork screw,,
stove,wood stove,
can opener,,
pfd,life vest,life jacket
knot,rope,
mop,,
glove,,
diamond,,
guitar,,
drum,,
earring,,
flashlight,,
flask,,
fork,,
bobby pin,,
hammer,,
purse,,
headphones,,
high heel,shoe,
marker,,
router,,
hinge,,
hole punch,hole puncher,
jar,glass jar,mason jar
box,jewelry box,
eletric kettle,,
key,,
key ring,,
knife,,
ladle,,
lamp,,
ice tray,,
axe,,
lighter,bic,
crowbar,,
maskera,,
pen,,
egg beater,electric mixer,
moccosin,moccasin,slipper
monitor,,
mouse trap,,
nail,,
nail clippers,,
nail polish,,
necklace,,
notebook,spiral notebook,
binky,,
paint brush,brush,
paint roller,,
paint tray,,
pants,,
paper clip,,
paper towel,,
bottle cap,,
athletic tape,,
christmas ornament,,
clipboard,,
microscope,,
microphone,,
mailbox,,
lock,padlock,
lamp,,
jacket,,
vinyl,record,
pen,fountain pen,
fire hydrant,,
hose,,
ladder,,
razor,shaver,
pliers,,
toilet,,
faucet,,
pipe,,
chest,,
scroll,,
tape,,
bellow,,
zip tie,,
bowling pin,,
bowtie,,
cheese grater,,
frame,,
axe,hachet,
hockey stick,,
hot air balloon,,
keyboard,,
lightbulb,,
light switch,,
tie,necktie,
paddle,oar,
outlet,socket,eletrical socket
paper bag,brown bag,lunch bag
screwdriver,,
screw,,
gaffing tape,tape,duct tape
pick axe,pick,
skateboard,longboard,
